RMSE_log,MAE_log,MedAE_log,R2,RMSE_USD,MAE_USD,MedAE_USD,MAPE,modelo,codificacion,particion,segundos
0.9009640898457504,0.6949957170165134,0.5584480015883635,-0.0001621148492383373,76375.8670892217,48375.07623178485,32675.500000000036,110.27470481104133,Baseline_media,target,0,0.1
0.9082459359125596,0.6896286085749322,0.5446954735848442,-0.016394633731484642,74578.2490416351,48040.32210708118,34508.99999999991,121.76965276998703,Baseline_mediana,target,0,0.1
0.4548296405014625,0.3324172526768046,0.2489435155030817,0.7451099072161307,50022.375269972974,25785.23992408642,13689.12589772511,34.909278352732606,Ridge,target,0,0.1
0.43619265160398724,0.31247756208971295,0.22744139729630408,0.7655705726075112,48963.89048139294,24401.475821699696,12779.272998859185,32.78214956845935,HistGradientBoosting,target,0,0.7
0.43690201589215905,0.3124779294404915,0.2314120815088625,0.7648074644545304,48725.327857872115,24332.50180517536,12646.222656250022,32.97682034640277,XGBoost,target,0,0.7
0.4386937290422168,0.3141517845938697,0.2320310046474372,0.7628744835643129,48849.520568726344,24497.928692699898,12864.496415737402,33.13999005875326,LightGBM,target,0,0.5
0.43258531593709726,0.30975571081266456,0.2251261803192186,0.7694320259472401,48572.39992942317,24155.893383901202,12946.482733323632,32.555633259999745,CatBoost,target,0,2.3
0.895618497512003,0.6919294476187886,0.5510735351153393,-2.882956745997589e-06,77177.35336221746,48708.19248245582,32812.48110410708,108.95956770909166,Baseline_media,target,1,0.1
0.9016563017409431,0.6866591235581084,0.5410096884717763,-0.013531352083370418,75307.45775432374,48379.47797927461,33808.99999999998,120.541763225962,Baseline_mediana,target,1,0.1
0.44266365689306986,0.32903502435673315,0.2469241779381317,0.7557115816381673,48491.69062273231,25579.16565404016,13744.353695758165,35.31492646890858,Ridge,target,1,0.1
0.42352734971672445,0.3110199920668819,0.22995353148187103,0.7763761789531657,47883.12745615579,24575.625057536185,13112.169075520735,33.61990926555451,HistGradientBoosting,target,1,0.6
0.42265608506389757,0.3096444621637194,0.23244235002391633,0.7772952937482227,47332.74059873333,24405.5356284555,13374.376953124949,33.36380039045785,XGBoost,target,1,0.4
0.42463857259260346,0.3111846407631281,0.23817808331225265,0.7752011809313598,47290.73989011558,24519.627100546542,13500.096686772791,33.7913251394891,LightGBM,target,1,0.5
0.419575235074727,0.30746556600284974,0.22877989727033388,0.7805301656136039,47344.90215032326,24258.31961228225,13002.586810247169,33.18904767912294,CatBoost,target,1,2.3
0.8944847229039723,0.6928507142199539,0.5654010016976558,-3.5316493063319854e-08,73673.57125064007,47979.45472208982,33591.82888614328,109.45041608039875,Baseline_media,target,2,0.1
0.8999929347537129,0.6854022465615048,0.5471225249459604,-0.0123539003082076,71875.88031621596,47513.88514680484,34547.999999999985,120.07773403196464,Baseline_mediana,target,2,0.1
0.4454953574712366,0.3305828258160694,0.25129945438642487,0.7519492609032785,46173.401089855375,25375.20767577349,13674.184896493622,35.20306313529215,Ridge,target,2,0.1
0.42218265530452037,0.31096782523533645,0.23631298674032752,0.7772309081884203,44990.10697964658,24203.905633718074,13383.018090226282,33.05147128601632,HistGradientBoosting,target,2,0.6
0.4221555730092591,0.30930906801316804,0.2318031443159514,0.7772594877841817,44687.14262468326,24000.171924861188,13230.675781250004,32.75561379698663,XGBoost,target,2,0.4
0.42356566980608396,0.3104847120138015,0.23286340431135777,0.7757689934633389,44557.22587568528,24073.475877386307,13268.46550035993,33.03488667592668,LightGBM,target,2,0.5
0.4202141883967868,0.307953968098823,0.23039583239466843,0.7793034295205341,44788.38245169085,23935.538813166364,13267.470900487955,32.83488939593307,CatBoost,target,2,2.3
0.9089435547589021,0.6989401244219778,0.565644635467188,-3.39307268701905e-05,81593.47122620822,49889.90701364573,32767.036174876546,111.16373912898962,Baseline_media,target,3,0.1
0.9147001024208923,0.6936710414148909,0.5466386807329675,-0.012740929618835661,79685.64210912588,49562.41191709845,34782.5,123.25972116377046,Baseline_mediana,target,3,0.1
0.46321833790377104,0.3390319277651591,0.2563949840916093,0.7402758135139644,56554.206676531205,27262.169402620242,14254.319107316,35.619650954822625,Ridge,target,3,0.2
0.44762644964406706,0.32494725657191487,0.24427985400976127,0.7574661349646523,56061.81695456691,26426.64204294108,13787.016325107126,34.32636992584436,HistGradientBoosting,target,3,0.7
0.44379913947392746,0.3211937607798735,0.2424361090904421,0.7615958459878709,55487.573741200664,26180.060822481933,13559.698242187487,34.193834503637646,XGBoost,target,3,0.4
0.45039859030877427,0.3264045922526026,0.2442909553181707,0.754452819386489,56124.78589116162,26552.794225060727,13679.657122292367,34.57785922807933,LightGBM,target,3,0.5
0.4408755207072555,0.3188607357225625,0.23810094747925792,0.7647265732542015,55605.95160300586,26084.89853624809,13283.548959701919,33.7819009675024,CatBoost,target,3,2.4
0.9065455068124441,0.7035970184142382,0.5847903184124981,-2.8310286061872247e-05,77946.23111047258,49740.67785621967,34037.29277779608,110.84556183391987,Baseline_media,target,4,0.1
0.9125453193273152,0.6977597423455533,0.5628123166941821,-0.013309137871198917,75961.35767703746,49378.264464594125,35466.0000000001,123.02955813387348,Baseline_mediana,target,4,0.1
0.4542134732972041,0.3365002424967866,0.2553616762917059,0.7489541188315882,49274.17070355073,26418.21443433888,14113.148349263669,36.41173710876086,Ridge,target,4,0.1
0.43667740708061864,0.32047582297830923,0.2447238388390529,0.767964453627657,49280.054670386286,25575.97053379715,14009.85308597592,34.56947425536696,HistGradientBoosting,target,4,0.8
0.43308711906698993,0.3164309754764388,0.23461811609234395,0.771764282648481,48820.45745420132,25295.318064793402,13689.761718749996,34.16158929146899,XGBoost,target,4,0.4
0.44073355882578147,0.3226104868378738,0.24384347023865782,0.7636338311333133,49481.44797386829,25900.149504814188,14083.514301159674,34.86598013950832,LightGBM,target,4,0.6
0.43450446351279376,0.3177439423504426,0.24065646168235588,0.7702679649549373,48906.048729527036,25311.452299883862,13751.953294638646,34.27253247317867,CatBoost,target,4,2.4
0.8929203458911545,0.696081202987848,0.5731383718427168,-0.00014703443079677747,78107.80592651981,49656.71016423528,33580.51954087047,105.66213441248384,Baseline_media,target,5,0.1
0.898469152405454,0.691918715653252,0.5592029475945086,-0.012615930905539807,76096.80765696247,49399.77677029361,35193.500000000015,117.62667682560073,Baseline_mediana,target,5,0.1
0.45077696226666353,0.33537526187297373,0.2574505033798644,0.7451046932817287,49461.05379504038,26238.94029026097,13946.373328110214,35.172401421328864,Ridge,target,5,0.2
0.4321715616414774,0.3175191684803449,0.23988382854780355,0.7657116009300239,49433.20216893782,25475.78233449958,13716.719669480754,33.42973393818885,HistGradientBoosting,target,5,0.6
0.42892099537095585,0.3151677380716505,0.23761734525585876,0.7692227338751999,48872.9502778516,25255.79440797796,13370.543945312518,33.12392768304022,XGBoost,target,5,0.5
0.43496892486685845,0.3186794887431109,0.23535307386606252,0.7626687775893646,49308.525726939486,25480.774541926283,13609.125709405136,33.48988385481226,LightGBM,target,5,0.6
0.4267603394864506,0.3131067968221699,0.23351371895312312,0.771541922527728,49102.11970640477,25138.31788321196,13322.802655146643,32.84468700935596,CatBoost,target,5,2.6
0.9003349604610191,0.695223183715481,0.5561025573698082,-1.3646510437448356e-05,77648.93267143417,49058.72516516772,33124.76200871872,108.26176978279112,Baseline_media,target,6,0.1
0.9058109511301418,0.6882144603859549,0.5440340829993833,-0.01221514666317236,75793.90956045008,48621.507157894084,34313.99568429396,119.2370849807019,Baseline_mediana,target,6,0.1
0.46259521417400573,0.3399311694030001,0.25249001703412066,0.736002406083869,50415.86437578309,26712.768500416365,14011.984990966284,35.77253863016741,Ridge,target,6,0.1
0.4465336899392639,0.32247804023274274,0.23688234766027794,0.7540163962283974,49422.77324771006,25570.836222467908,13762.34953655829,34.45247221422734,HistGradientBoosting,target,6,0.8
0.44497955255804233,0.3216291442937895,0.23635125006563928,0.7557256828873351,48964.08524731123,25412.302869305917,13456.792968749993,34.39592503696071,XGBoost,target,6,0.4
0.4506633229524856,0.3254727172759032,0.2392792468035969,0.7494455461601437,49435.00789720016,25718.58966960295,13558.617370831413,34.81512870647223,LightGBM,target,6,0.5
0.44441596384985727,0.3213448701973247,0.2392438231875449,0.7563440621496187,49397.833819499174,25449.184264274405,13450.473201387893,34.12108984549324,CatBoost,target,6,2.5
0.9034843122865858,0.6978294223832006,0.5707492016496083,-1.5347892643458039e-06,75677.00997796006,48577.66625078389,33376.49999999997,111.40752931036924,Baseline_media,target,7,0.1
0.9092111045677548,0.6911026222075697,0.5516549108056132,-0.012718857795988692,73863.05570023859,48157.05526798796,34660.99996999466,122.50231518911082,Baseline_mediana,target,7,0.1
0.45213578869586285,0.3333627392686183,0.24928626758654637,0.7495637430389828,49745.09584272537,26147.690024395095,14130.604100547018,36.038329352477845,Ridge,target,7,0.1
0.43316454624961487,0.3161588252259617,0.23853518583305,0.770139026977249,48856.67656625878,24992.57991764695,13823.107856515475,34.17280884543914,HistGradientBoosting,target,7,0.8
0.4333777041199044,0.3151984748430773,0.23829610407429858,0.7699127446954112,48726.872561501645,24891.022949166043,13536.910156249993,34.05731595197946,XGBoost,target,7,0.4
0.4353172664525836,0.31686985063318396,0.23716407460260935,0.7678486458883673,49198.54022807601,25073.79541270047,13795.489753448397,34.239033115208194,LightGBM,target,7,0.5
0.42979203067298166,0.3140239546698623,0.24268022168465642,0.7737043783890498,48823.59420658099,24769.222536216977,13552.778658167976,33.644819057411844,CatBoost,target,7,2.4
0.9095305322908718,0.7003892964920682,0.567839985179905,-0.000296739952716063,74162.64439147874,48095.79421748772,33790.127306067414,116.29551250608334,Baseline_media,target,8,0.1
0.9172171493024779,0.6954988772170608,0.5575487516122575,-0.017275583080230916,72350.53406428231,47791.19386133749,34945.00090223104,128.49730448762375,Baseline_mediana,target,8,0.1
0.44860310497964906,0.3295232635615163,0.24985829066902276,0.7566570107828832,47071.377170890744,24970.20755901235,13467.586235417628,35.53484642131158,Ridge,target,8,0.1
0.42875460416816236,0.31087817548176316,0.22939284127390014,0.7777141173035542,46054.15702337861,23795.364930218322,13066.034112611025,33.532462923953496,HistGradientBoosting,target,8,0.6
0.42395911153068006,0.3081502145939453,0.22669959491727365,0.7826587127585486,45712.893740319,23629.817214148858,12922.828124999975,33.38853824026505,XGBoost,target,8,0.4
0.4320829220256269,0.3147291206956977,0.2335590939090837,0.7742496196293349,46552.11614389861,24162.504325053666,13050.473970335577,33.846035974731976,LightGBM,target,8,0.5
0.42563821502413546,0.30855747084353724,0.22674384639734946,0.7809337294759209,45938.427382232774,23636.320681727888,13076.698216484929,33.314003764494615,CatBoost,target,8,2.9
0.9003366940441103,0.6927885370238805,0.5470612132351178,-8.547325251795357e-06,81200.33685812604,49304.30738793543,32780.90734791712,109.09867453541233,Baseline_media,target,9,0.1
0.9058331046586128,0.6864070424151827,0.5414308073636747,-0.01225559917836705,79418.5621710932,48906.2419499286,34008.981261334295,120.16809095166694,Baseline_mediana,target,9,0.1
0.4463477990586302,0.3282952021471558,0.2423146075930509,0.7542233580761941,54125.792504128935,26257.085013955595,13621.165326075628,34.85842579725348,Ridge,target,9,0.1
0.435174312778752,0.3154564182805916,0.23394549330904457,0.7663744616136943,53736.12966035405,25482.131210818545,13063.056974829331,33.650473822972806,HistGradientBoosting,target,9,0.9
0.43335118315489907,0.313939945680915,0.23377759550747879,0.7683278739707837,53356.725925269,25242.01133251025,12926.503906249996,33.31665075891449,XGBoost,target,9,0.4
0.43601996762841655,0.3171798023197812,0.23457237272429587,0.7654655911914747,53585.52657919451,25669.49467485624,13439.21283730254,33.774696499417,LightGBM,target,9,0.6
0.4305812436922338,0.3122754853396393,0.23308874501903176,0.7712800609717996,53232.90886310586,25109.87073249052,13159.330426276096,33.355836335990304,CatBoost,target,9,2.4
0.9001000734517329,0.6925858987927533,0.5620735544913966,-0.0002493786805319864,74967.8477026642,47712.674566850066,33575.499999999985,112.29792422130542,Baseline_media,target,10,0.1
0.9072679592831743,0.6860768881014899,0.5430742517327793,-0.016243646796186395,73237.26421813226,47305.64068378457,34168.00000000002,123.47379843520798,Baseline_mediana,target,10,0.1
0.45241984540636954,0.3329108658288882,0.2545803029155618,0.7472972372419548,48785.47122874666,25682.703087665264,13596.818013286458,35.833492290801146,Ridge,target,10,0.2
0.43512750305123105,0.3144536284315165,0.2312337019273345,0.7662456157729224,47942.089870001415,24499.591030942087,12807.989028245272,33.78211143758175,HistGradientBoosting,target,10,0.7
0.43431627541130696,0.3140584441693661,0.22692100042981878,0.7671164007732656,47601.493376222046,24403.72678371291,12855.841796874989,33.80181222902664,XGBoost,target,10,0.4
0.43878725288389087,0.3188638577784225,0.23540996694412097,0.7622969791608607,47896.562113276945,24862.948666025328,13101.903536351276,34.37376202232238,LightGBM,target,10,0.5
0.4326495798639231,0.31249973999544833,0.23125553710918556,0.7689003601665341,47569.67172141592,24230.475499840264,12752.100459569236,33.60031691033021,CatBoost,target,10,2.4
0.8993963366792793,0.6944545410649987,0.5647044608676435,-0.00020850218612333826,78613.65318907649,49263.59709564791,33450.00000000004,109.08992364659609,Baseline_media,target,11,0.1
0.9038527081877801,0.6878229608899642,0.5462218739935913,-0.010144818605411388,76729.02026886647,48849.8506044905,34658.999999999935,120.28480064429938,Baseline_mediana,target,11,0.1
0.4543144659276258,0.33323291428705587,0.25074341855466287,0.7447877923592239,51949.04653048305,26361.383474297003,14037.945639691303,35.5112994183568,Ridge,target,11,0.1
0.43417400253678906,0.31437767827885843,0.2354648493570588,0.7669141316346475,50764.94022232352,25017.90368200715,13396.77135205453,33.75000699799344,HistGradientBoosting,target,11,0.7
0.4347078593979239,0.31331589847698244,0.23306886323047404,0.766340578215249,50470.694400465894,24900.54412267286,13493.312499999942,33.58586182132146,XGBoost,target,11,0.4
0.436374895119364,0.3155547477638758,0.2382989304910712,0.7645450483421519,50725.51630122203,25174.062905362727,13735.842533203473,33.92516808624441,LightGBM,target,11,0.5
0.4345869262973595,0.3128904882996868,0.2314975766080547,0.7664705654112766,50818.35935190409,24918.980356617278,13539.449323609457,33.605112427585695,CatBoost,target,11,2.4
0.8907479818870625,0.691420753214779,0.5638891188146484,-3.3228304039845113e-05,77841.10420789337,48644.242218188425,32726.29192153117,106.63661552209894,Baseline_media,target,12,0.1
0.8975343295268299,0.685738804245157,0.5502907922640174,-0.015329194688072922,76032.95479244503,48289.59304835924,34719.99999999999,117.84988865601073,Baseline_mediana,target,12,0.1
0.4535629388521053,0.33349995599169163,0.24953768380576413,0.740713528443253,51320.57721161748,26050.153632657868,13535.245280525021,35.0445364923922,Ridge,target,12,0.1
0.43833073062213795,0.31782195896010784,0.23684934870254004,0.7578365611378033,50916.22858705142,25074.87894681354,13371.649633992918,33.35976567815943,HistGradientBoosting,target,12,0.7
0.43659514486270845,0.31575303300218893,0.23323902761241921,0.7597504736220876,50529.784706206556,24871.86629753574,13189.357421874964,33.10496408916813,XGBoost,target,12,0.4
0.4401333157227583,0.3177008602648206,0.2345523156000482,0.7558407267323479,50763.633448598346,25056.755827776913,13397.325564718409,33.274551200216706,LightGBM,target,12,0.5
0.43473697510182424,0.3153483611755842,0.2386650426934338,0.7617911486430702,50628.91576675547,24877.787519054942,13496.93648582854,33.07151709319191,CatBoost,target,12,2.4
0.9117388793895371,0.7064222905816357,0.5725714400965973,-0.00010164620970765093,77125.67909343755,49727.89843773673,33959.50000000002,112.55084282124407,Baseline_media,target,13,0.1
0.9164923133241801,0.6996032747365469,0.5516849160565425,-0.010557073090087243,75204.0243131418,49302.86485319516,34866.49999999998,124.01542188209017,Baseline_mediana,target,13,0.1
0.4469804087633891,0.3310189613503295,0.24831698320743012,0.7596300522338493,48044.050395686165,25756.20990636688,14069.171936885748,35.21176341420533,Ridge,target,13,0.1
0.4250188972857283,0.3128049037903693,0.23785866702166736,0.7826700036194907,47354.51244833014,24830.675903987838,13531.36092666008,33.2688316441477,HistGradientBoosting,target,13,0.8
0.42354380564771393,0.31074376293320166,0.23257195500876637,0.7841759382925096,47355.035077027525,24725.53271848056,13326.533203124985,33.107840157871074,XGBoost,target,13,0.5
0.4274479705398162,0.31334636811998073,0.2341653786884068,0.780178730665964,47453.67561636169,24827.966810213205,13458.068434263361,33.28461616820417,LightGBM,target,13,0.5
0.42203658357391377,0.3100018760975006,0.23543928546896886,0.7857092672604409,47171.3412902871,24557.30057160081,13483.244609653437,33.051552468646626,CatBoost,target,13,2.3
0.9045942278975458,0.6974450983930806,0.5597403132399217,-9.78972528109523e-06,78378.21883863138,49345.788630174,32846.91935614654,110.12157818321519,Baseline_media,target,14,0.1
0.9114040457321931,0.6939263646223973,0.5527223356337956,-0.015122680826354484,76463.85267631739,49129.60686528497,34770.0,122.34662933900246,Baseline_mediana,target,14,0.1
0.4502727771652587,0.3344327365668924,0.2548071010279829,0.7522304060996452,50907.21792426225,26511.56898349588,14107.418622432944,35.54953592253848,Ridge,target,14,0.1
0.4327723010839114,0.31931292155977264,0.23815938405594128,0.7711159442518157,49980.35869611196,25534.916759770407,13779.53627066586,33.96761256438679,HistGradientBoosting,target,14,0.7
0.4308294771669148,0.3179394506852132,0.2388488416515413,0.773166367872478,49887.77353941781,25488.775763898728,13672.242187500015,33.83495527157806,XGBoost,target,14,0.4
0.43408464621452686,0.3202173697940789,0.24094637861030588,0.7697256967434011,50083.94188161554,25659.21962258062,13975.847520224605,34.1078097997226,LightGBM,target,14,0.5
0.4304066124433974,0.3167894364102377,0.23729005545102044,0.7736114296562303,50108.33362995194,25424.96291528777,13493.367232250745,33.68809279428541,CatBoost,target,14,2.3
0.8994291675107697,0.6957247287688251,0.5648445500690045,-0.00014584617315183124,74988.84997081113,48086.08852418683,33369.82835976269,110.91133091131277,Baseline_media,target,15,0.1
0.906752373518297,0.6904761214451847,0.5454757949682669,-0.01649864342107188,73171.31216147926,47759.19170984456,35000.000000000015,122.5833777043926,Baseline_mediana,target,15,0.1
0.4469610996630827,0.3297256773977592,0.2462529079199145,0.753015980069476,46961.2395580592,24775.380793422093,13936.079357561568,35.99264958424506,Ridge,target,15,0.1
0.42925060324338227,0.3151495429599154,0.2377655953291189,0.7722013061571875,46892.78487812904,24112.611968967318,13165.642529762448,34.45836228657917,HistGradientBoosting,target,15,0.6
0.4283116183385468,0.31322880186399815,0.23410326521890834,0.7731968345540061,46591.783797494776,24056.68672346204,13317.880859375004,34.34341695778072,XGBoost,target,15,0.4
0.43404350001942943,0.31793178981779646,0.23724443542622176,0.7670858278011451,47061.52425893956,24438.024970586757,13414.684094412554,34.87861240105513,LightGBM,target,15,0.5
0.4275253274764225,0.31316737791986515,0.23311293860779436,0.7740287968801132,46590.827125066775,23939.485246322587,13177.68707978103,34.23893793828002,CatBoost,target,15,2.2
0.9079856929326284,0.7018431178257631,0.5714258570280144,-6.217137789921168e-06,77994.81255240607,49488.48061511101,33946.99999999998,112.01526352165838,Baseline_media,target,16,0.1
0.9139609991280473,0.6952200522451034,0.5568323933428498,-0.013211281430821398,76070.4954116041,49075.38449913644,35006.99999999998,123.90757257743603,Baseline_mediana,target,16,0.1
0.4512309260735496,0.332970540463103,0.25117393869173643,0.7530310224343494,49289.816027645946,26201.761510877503,13699.245538767056,35.34507466481915,Ridge,target,16,0.1
0.4317354288156449,0.31305863592042743,0.23313803465006266,0.7739106698836571,48701.76303226103,25020.28534229706,13126.770160525213,33.40193868457354,HistGradientBoosting,target,16,0.6
0.4294086813705264,0.31205790544096684,0.22689975597536627,0.7763410251925857,48499.368568246784,24936.637633012364,13324.535156249927,33.3385065942673,XGBoost,target,16,0.5
0.43295933495929984,0.3137603936756186,0.23040157428983754,0.7726269932584147,48462.94748247483,25007.230500135698,13116.997307589205,33.457880678515615,LightGBM,target,16,0.5
0.4295374678640898,0.3121692001636576,0.23025799876764808,0.7762068473065933,48433.78125326498,24877.36621409912,13368.899148998367,33.314065243928994,CatBoost,target,16,2.2
0.8912126830039369,0.6883886788232432,0.5545369199269503,-2.1600682164724105e-05,78048.26868955858,48518.766136781705,33125.49999999996,106.56622943217245,Baseline_media,target,17,0.1
0.8971194827391099,0.6820164765163771,0.5399415011490927,-0.013321461586049743,76173.63791042706,48121.50280656304,34311.99999999991,117.9165789354619,Baseline_mediana,target,17,0.1
0.45002263208089804,0.3312707561923928,0.24917868866235438,0.7450145643173256,51775.45186449551,26093.091660286478,13873.310187710878,35.2969822280847,Ridge,target,17,0.1
0.4347226643636818,0.3130269262242745,0.22860401079649773,0.7620579330919001,50985.93547439119,24809.061863585863,13425.74543009598,33.50560537080936,HistGradientBoosting,target,17,0.6
0.42990398709297273,0.30931838244017446,0.22840714934573914,0.7673036291436333,50281.28824402587,24511.011158944824,13312.430664062522,33.062180135545006,XGBoost,target,17,0.4
0.43413292539019177,0.31277871802716084,0.2288697164284894,0.7627030732750373,50547.804308700746,24776.727224044575,13447.80637149806,33.52533587177314,LightGBM,target,17,0.5
0.42941201217127306,0.30945659917069734,0.22661010334998366,0.7678359120594662,50396.8472932381,24498.789565814146,13344.955236078578,33.06762158907565,CatBoost,target,17,2.4
0.8910617853260303,0.6885510963741175,0.554494034543259,-8.675708967653684e-05,77292.67158375269,48800.39069681577,32184.876610466228,106.84485795274787,Baseline_media,target,18,0.1
0.8966385463281976,0.6829749689610395,0.5482347760272575,-0.012644130035672996,75350.98728703876,48453.65911053541,33983.99999999997,118.48743193669584,Baseline_mediana,target,18,0.1
0.45980172689174725,0.3361453876769756,0.254137486463228,0.7337048631555234,51255.25801032361,26284.245864331166,13710.19060493794,35.11018609785219,Ridge,target,18,0.1
0.44283665990480564,0.3207763386629525,0.23497819358554217,0.7529930505602781,50616.56098232245,25410.605134094796,13499.440870744264,33.384930836474794,HistGradientBoosting,target,18,0.7
0.440613691708761,0.318327738962712,0.23346047175134288,0.7554666959223973,50278.40116605652,25201.177703066813,13040.398437500007,33.27916987326665,XGBoost,target,18,0.4
0.44284395028607226,0.319931048859577,0.2362461288159663,0.752984917585649,50191.80972997785,25330.31630257923,13314.0979854404,33.335496295552744,LightGBM,target,18,0.5
0.4372589549149603,0.3168263178290146,0.23309065562764442,0.759176167162986,50142.435724768424,25098.005783691264,13080.128513714548,33.00450326853011,CatBoost,target,18,2.3
0.9166933933934868,0.7078255684488102,0.5702042688149387,-1.758397356099728e-05,78601.28017698269,49800.79232629364,33582.49999999997,114.37188156715452,Baseline_media,target,19,0.1
0.9231725787505065,0.7023002480838699,0.5586303836954878,-0.01420378224846286,76711.03406721824,49455.741796200346,35000.000000000015,126.49272350383546,Baseline_mediana,target,19,0.1
0.4533282921884586,0.33767077197124407,0.259459758750773,0.7554401934761442,51580.85303341903,27055.3963102579,14420.699970375084,35.80710908890822,Ridge,target,19,0.1
0.42971963714347555,0.3151369002889809,0.23581667203233625,0.7802495189592775,50469.29416920058,25525.810486213093,13457.637143909167,33.09407363145975,HistGradientBoosting,target,19,0.5
0.429826053910988,0.3156613083636584,0.23947391226098347,0.7801406664451976,50191.91441681763,25480.27313833286,13563.749023437533,33.2999781582242,XGBoost,target,19,0.4
0.4338470305543868,0.31845399056981777,0.24119179343549835,0.7760079046922967,50464.984616761125,25777.56740544522,13695.154479995566,33.61882538619274,LightGBM,target,19,0.5
0.4292474441337824,0.3146442359531837,0.23951329714619707,0.7807321947399726,50189.0622933629,25394.50805472843,13548.347407678873,33.21523486642038,CatBoost,target,19,2.3
0.9009640898457504,0.6949957170165134,0.5584480015883635,-0.0001621148492383373,76375.8670892217,48375.07623178485,32675.500000000036,110.27470481104133,Baseline_media,onehot,0,0.1
0.9082459359125596,0.6896286085749322,0.5446954735848442,-0.016394633731484642,74578.2490416351,48040.32210708118,34508.99999999991,121.76965276998703,Baseline_mediana,onehot,0,0.1
0.45255634783325527,0.33075172332688196,0.24586728158294857,0.7476514817889846,49903.55862858627,25735.92311379212,13780.87565464402,34.793182055782204,Ridge,onehot,0,0.2
0.43622035343082993,0.3114400844718485,0.22834515353034046,0.7655407952621307,48405.585559718245,24142.145086469045,13219.85139191301,32.664137056546465,HistGradientBoosting,onehot,0,1.0
0.43286044851622335,0.3080091692095956,0.2218238094163567,0.7691386413475916,48027.26703261351,23939.484492906427,12822.37109375,32.36361133823642,XGBoost,onehot,0,0.5
0.4343863932512368,0.31027541930451985,0.2256367920493778,0.7675080806537249,47749.653536033045,24019.820355196058,12941.191240385906,32.6487309540524,LightGBM,onehot,0,0.5
0.434075864393567,0.3093355981439536,0.22378245900278948,0.7678403638290314,48340.28413109905,23950.729056702552,12833.673167343544,32.49646065820343,CatBoost,onehot,0,2.3
0.895618497512003,0.6919294476187886,0.5510735351153393,-2.882956745997589e-06,77177.35336221746,48708.19248245582,32812.48110410708,108.95956770909166,Baseline_media,onehot,1,0.1
0.9016563017409431,0.6866591235581084,0.5410096884717763,-0.013531352083370418,75307.45775432374,48379.47797927461,33808.99999999998,120.541763225962,Baseline_mediana,onehot,1,0.1
0.4399261096205635,0.32591285781665646,0.24510078526737455,0.758723725136268,48289.72200586927,25409.99827140439,13797.309845576317,34.96648699719621,Ridge,onehot,1,0.2
0.4195449389769033,0.30807004581866204,0.23184502014419817,0.7805618588069214,47095.797874906806,24217.657883780008,13369.169389902345,33.11404317410215,HistGradientBoosting,onehot,1,1.0
0.4177395579183089,0.30570953528833117,0.2276985222544896,0.7824463628537061,46631.617139803886,24065.627386537857,13099.218750000011,32.852524372597195,XGBoost,onehot,1,0.5
0.4156803753978248,0.30345197810742786,0.22714649986616564,0.7845858706299484,46362.68242887887,23880.329395816207,12946.269513990243,32.52019779201622,LightGBM,onehot,1,0.5
0.4158982922018643,0.30434942488886385,0.22763078656830427,0.7843599534784209,47146.382660176096,23986.743818351573,13017.083618786835,32.55996941465356,CatBoost,onehot,1,2.3
0.8944847229039723,0.6928507142199539,0.5654010016976558,-3.5316493063319854e-08,73673.57125064007,47979.45472208982,33591.82888614328,109.45041608039875,Baseline_media,onehot,2,0.1
0.8999929347537129,0.6854022465615048,0.5471225249459604,-0.0123539003082076,71875.88031621596,47513.88514680484,34547.999999999985,120.07773403196464,Baseline_mediana,onehot,2,0.1
0.4449904565543068,0.3299117012053852,0.25061947310565724,0.7525111975103453,46503.075104421245,25542.867943427234,13538.425871630323,35.199841692064446,Ridge,onehot,2,0.2
0.4214482767208366,0.31011852242312,0.2354732754337272,0.778005239209826,44726.55012043441,24038.403912020673,13562.966310073827,32.62106550974623,HistGradientBoosting,onehot,2,1.3
0.422265246594131,0.31004284757245587,0.23448467815259733,0.7771437393480257,44565.37782098496,24031.69917437038,13729.678710937493,32.57691874750546,XGBoost,onehot,2,0.5
0.42116332630202347,0.30912153899916694,0.23542217730234505,0.7783053287755599,43992.36581651652,23903.03594690141,13303.23855173256,32.554669059776245,LightGBM,onehot,2,0.5
0.4192576256315511,0.3090318624964953,0.2371692273254009,0.7803070597892713,44857.419996186516,24010.720464993563,13234.0932320372,32.62362142840337,CatBoost,onehot,2,2.3
0.9089435547589021,0.6989401244219778,0.565644635467188,-3.39307268701905e-05,81593.47122620822,49889.90701364573,32767.036174876546,111.16373912898962,Baseline_media,onehot,3,0.1
0.9147001024208923,0.6936710414148909,0.5466386807329675,-0.012740929618835661,79685.64210912588,49562.41191709845,34782.5,123.25972116377046,Baseline_mediana,onehot,3,0.1
0.4579540549606492,0.3338287948754989,0.2484106991250945,0.7461455829727542,56464.201237526715,27022.03714757523,13978.389584621957,35.11806490838248,Ridge,onehot,3,0.1
0.4427737207228538,0.3198627638366393,0.23637028123877624,0.7626962612219694,55373.39813638365,26087.58122809409,13484.243130773571,33.62145469305202,HistGradientBoosting,onehot,3,1.0
0.437728284799837,0.31646740296396225,0.23256541431578892,0.7680736316100819,55159.06012879319,25914.563642063702,13064.96289062497,33.127845916555984,XGBoost,onehot,3,0.5
0.43810093447730386,0.3168296759813331,0.23531694353106758,0.7676785734048092,55141.18503163526,25899.068661812984,13298.401856930941,33.31470104825643,LightGBM,onehot,3,0.5
0.4370877223059452,0.31569863165006956,0.2331934334631951,0.7687519274197887,55482.58192322846,25845.66605725706,13338.878595199778,33.20026732800269,CatBoost,onehot,3,2.3
0.9065455068124441,0.7035970184142382,0.5847903184124981,-2.8310286061872247e-05,77946.23111047258,49740.67785621967,34037.29277779608,110.84556183391987,Baseline_media,onehot,4,0.1
0.9125453193273152,0.6977597423455533,0.5628123166941821,-0.013309137871198917,75961.35767703746,49378.264464594125,35466.0000000001,123.02955813387348,Baseline_mediana,onehot,4,0.1
0.4521903533961813,0.3340258610613059,0.25054131946761604,0.7511855136895618,49137.879600332875,26264.978378821153,13537.907983410594,36.1800077808917,Ridge,onehot,4,0.1
0.432145275278737,0.31363174316627773,0.23394783670832453,0.7727559013854186,48489.873299252366,24932.979523151836,13375.134887475655,33.76673299460066,HistGradientBoosting,onehot,4,1.1
0.43145211305051073,0.31349599593155725,0.2334165585357999,0.773484317063553,48154.16523095392,24890.14534125715,13312.867675781239,33.87724380515832,XGBoost,onehot,4,0.5
0.43215690057393946,0.3145682725662962,0.23554608827586332,0.7727436748707983,48246.99250610945,25071.092703374758,13381.715131626028,34.05727916314974,LightGBM,onehot,4,0.5
0.4297606786967884,0.312631062359239,0.23562077707903128,0.7752568678786703,48285.18328492535,24821.077941164585,13376.451056435886,33.65666208565882,CatBoost,onehot,4,2.2
0.8929203458911545,0.696081202987848,0.5731383718427168,-0.00014703443079677747,78107.80592651981,49656.71016423528,33580.51954087047,105.66213441248384,Baseline_media,onehot,5,0.1
0.898469152405454,0.691918715653252,0.5592029475945086,-0.012615930905539807,76096.80765696247,49399.77677029361,35193.500000000015,117.62667682560073,Baseline_mediana,onehot,5,0.1
0.4473917010937108,0.33252230194465665,0.2529790223581436,0.7489187618177373,49149.82235827707,26054.215574461126,13635.366816337351,34.81322985656395,Ridge,onehot,5,0.1
0.42951261571348903,0.3151714534693251,0.23767745889282565,0.7685856623030723,48667.34380370582,25254.775386092882,13585.264057810477,32.97626702619102,HistGradientBoosting,onehot,5,1.0
0.42533942216476034,0.31276867899147676,0.23720617074982098,0.7730607123084289,48468.443024083936,25164.13073545993,13673.449218749949,32.702985509878005,XGBoost,onehot,5,0.5
0.4248241571036031,0.3120351826133477,0.2360464785111498,0.7736102172533528,48011.57262869675,25041.0805025678,13315.86832253374,32.67696945149558,LightGBM,onehot,5,0.4
0.4251111816263731,0.31253900532990087,0.2353350875880782,0.7733042018381149,48702.03399305298,25107.43494465677,13602.70361656776,32.73263048866052,CatBoost,onehot,5,2.1
0.9003349604610191,0.695223183715481,0.5561025573698082,-1.3646510437448356e-05,77648.93267143417,49058.72516516772,33124.76200871872,108.26176978279112,Baseline_media,onehot,6,0.1
0.9058109511301418,0.6882144603859549,0.5440340829993833,-0.01221514666317236,75793.90956045008,48621.507157894084,34313.99568429396,119.2370849807019,Baseline_mediana,onehot,6,0.1
0.4600319398743021,0.33777287080348284,0.2525510551068004,0.7389199608249014,50503.93957413887,26708.088707169347,13978.381852618757,35.716372275177456,Ridge,onehot,6,0.1
0.4417897712193564,0.3196503749266435,0.24045935087198078,0.7592152316529536,48872.97854589467,25462.234121826692,13358.939827988226,34.018783945955214,HistGradientBoosting,onehot,6,1.3
0.4394506312124453,0.31844169334009165,0.2394550622910474,0.7617582430985821,48718.68207023049,25272.032156408965,13478.212890625035,33.70473206470035,XGBoost,onehot,6,0.5
0.44092145470584904,0.31981427983775534,0.23936878311122634,0.760160803227463,48485.78606818134,25371.266613625452,13389.071750798345,33.93928608265565,LightGBM,onehot,6,0.4
0.4389639918325888,0.3177769354515835,0.23457213333283278,0.7622855998432135,48938.49644717319,25276.092407487577,13583.20205008309,33.644354353938525,CatBoost,onehot,6,2.4
0.9034843122865858,0.6978294223832006,0.5707492016496083,-1.5347892643458039e-06,75677.00997796006,48577.66625078389,33376.49999999997,111.40752931036924,Baseline_media,onehot,7,0.1
0.9092111045677548,0.6911026222075697,0.5516549108056132,-0.012718857795988692,73863.05570023859,48157.05526798796,34660.99996999466,122.50231518911082,Baseline_mediana,onehot,7,0.1
0.45035411034852535,0.3310031790491729,0.24588233926448755,0.7515335836479407,49607.950984157644,26026.356280190885,13828.478859706884,35.79028051069171,Ridge,onehot,7,0.2
0.4284448861737908,0.3105096214726623,0.23194768726600046,0.7751207617238183,48472.04066641367,24542.288807421028,13530.245813260875,33.16265106804764,HistGradientBoosting,onehot,7,1.3
0.42619509277189194,0.3073738759732173,0.22726714115753666,0.777476273489597,48156.85620837073,24330.607859715277,13330.048828124978,32.6565232394221,XGBoost,onehot,7,0.5
0.4291170226406064,0.30941961590830197,0.22887297577415922,0.7744146354430997,48080.1420333003,24451.7144185989,13279.037322633201,33.06002829870368,LightGBM,onehot,7,0.6
0.4248490608199213,0.3067470937804304,0.22803378590667922,0.7788796263890575,48281.761116867456,24224.456981925032,13150.357228213947,32.675652868792774,CatBoost,onehot,7,2.3
0.9095305322908718,0.7003892964920682,0.567839985179905,-0.000296739952716063,74162.64439147874,48095.79421748772,33790.127306067414,116.29551250608334,Baseline_media,onehot,8,0.1
0.9172171493024779,0.6954988772170608,0.5575487516122575,-0.017275583080230916,72350.53406428231,47791.19386133749,34945.00090223104,128.49730448762375,Baseline_mediana,onehot,8,0.1
0.44363480151603857,0.3255095984980167,0.24128151565167055,0.7620172364381533,46807.204232237185,24747.80482139596,13346.415776142865,35.103363186510315,Ridge,onehot,8,0.1
0.42473805144707655,0.3087973455025989,0.22929238512343542,0.7818593369552537,45228.13857698643,23351.31946206575,13024.05829613261,33.11074118671168,HistGradientBoosting,onehot,8,1.8
0.4210864619116669,0.30490042482893,0.22328463332513948,0.7855940437309312,44749.58517390447,23046.730848928397,12569.677734374975,32.764021194432736,XGBoost,onehot,8,0.5
0.42310217910819403,0.30681604665444034,0.22755391349294385,0.7835364321609175,44827.465617583024,23244.691398550403,12832.20297197302,32.9249444418017,LightGBM,onehot,8,0.5
0.4222637848943864,0.30566717354395684,0.2240414834174187,0.7843934449816212,45029.64379525023,23073.84864700294,12727.065020121467,32.95717964453925,CatBoost,onehot,8,2.4
0.9003366940441103,0.6927885370238805,0.5470612132351178,-8.547325251795357e-06,81200.33685812604,49304.30738793543,32780.90734791712,109.09867453541233,Baseline_media,onehot,9,0.1
0.9058331046586128,0.6864070424151827,0.5414308073636747,-0.01225559917836705,79418.5621710932,48906.2419499286,34008.981261334295,120.16809095166694,Baseline_mediana,onehot,9,0.1
0.44424115641856,0.32542063622055944,0.24318767031866084,0.7565378836632626,54285.09974319839,26216.994532093027,13444.672486242092,34.57373374468604,Ridge,onehot,9,0.1
0.42975627249075604,0.31051388562490667,0.22612856425575334,0.7721556523176435,53476.76126836666,25161.543620863733,13121.17278070221,32.77464165421914,HistGradientBoosting,onehot,9,1.3
0.425966232639342,0.3078495488144125,0.22675843826941566,0.776156670650023,53264.53661294144,24982.49759875678,13044.800781249964,32.32640912240512,XGBoost,onehot,9,0.5
0.42687699086054476,0.30899726344739165,0.22937997396379206,0.7751984487020606,52860.09997486099,24965.700154375634,13040.77285072624,32.59854023912374,LightGBM,onehot,9,0.5
0.4260860462737772,0.30853433913940675,0.2311353622348591,0.7760307298941478,53520.67627080343,24954.089555853632,12879.765286532664,32.466297334579245,CatBoost,onehot,9,2.3
0.9001000734517329,0.6925858987927533,0.5620735544913966,-0.0002493786805319864,74967.8477026642,47712.674566850066,33575.499999999985,112.29792422130542,Baseline_media,onehot,10,0.1
0.9072679592831743,0.6860768881014899,0.5430742517327793,-0.016243646796186395,73237.26421813226,47305.64068378457,34168.00000000002,123.47379843520798,Baseline_mediana,onehot,10,0.1
0.44795558746214303,0.3280251296875701,0.24817129180744413,0.7522597268773588,48419.97143289802,25373.518912634296,13428.167503188666,35.33700945910353,Ridge,onehot,10,0.1
0.4287296049741238,0.3086049010416013,0.2259172267948335,0.7730690957938103,47017.489821670344,23943.821831098012,12844.28057983104,33.08715885700034,HistGradientBoosting,onehot,10,1.6
0.42752021248406624,0.3076165881361579,0.2288002129264015,0.7743475773153656,46716.68188418907,23749.665422034388,12683.616210937478,32.97492535894151,XGBoost,onehot,10,0.6
0.4279799740612462,0.30789546394060424,0.22890607458805956,0.7738619764203479,46662.63235446448,23895.26530740145,12955.194863906727,32.915913736479126,LightGBM,onehot,10,0.5
0.42774573674255245,0.3067113902661722,0.22619999678104996,0.7741094434610355,47006.913857204076,23716.532925822336,12686.380322190955,32.82362428464787,CatBoost,onehot,10,2.2
0.8993963366792793,0.6944545410649987,0.5647044608676435,-0.00020850218612333826,78613.65318907649,49263.59709564791,33450.00000000004,109.08992364659609,Baseline_media,onehot,11,0.1
0.9038527081877801,0.6878229608899642,0.5462218739935913,-0.010144818605411388,76729.02026886647,48849.8506044905,34658.999999999935,120.28480064429938,Baseline_mediana,onehot,11,0.1
0.4509268205244011,0.3303769519171702,0.2469622257034807,0.748579637665097,51949.70322457299,26291.07949421928,13896.629947695355,35.147334236673714,Ridge,onehot,11,0.1
0.43479738519091465,0.31499805868757724,0.23419753790595976,0.7662443264516573,50386.58386578782,24970.327284232855,13631.359764138982,33.48106376993353,HistGradientBoosting,onehot,11,1.1
0.4346234748190334,0.3143114279151025,0.23347779177342431,0.7664312843653637,50201.303357344186,24888.333898251127,13619.9306640625,33.50497405492201,XGBoost,onehot,11,0.4
0.4343445190608062,0.3142968214737055,0.2359064905543269,0.7667310124404146,50001.356411613546,24857.43925872496,13621.893477462349,33.39507664246293,LightGBM,onehot,11,0.4
0.43278411782120596,0.3132281440606378,0.23145824868758158,0.7684040593919106,50494.40703803133,24870.369872778858,13597.640001647756,33.361787590226534,CatBoost,onehot,11,2.3
0.8907479818870625,0.691420753214779,0.5638891188146484,-3.3228304039845113e-05,77841.10420789337,48644.242218188425,32726.29192153117,106.63661552209894,Baseline_media,onehot,12,0.1
0.8975343295268299,0.685738804245157,0.5502907922640174,-0.015329194688072922,76032.95479244503,48289.59304835924,34719.99999999999,117.84988865601073,Baseline_mediana,onehot,12,0.1
0.4531803592798317,0.33337843004477186,0.2520414696263158,0.7411507593646603,51391.92490143853,26138.93759651092,13578.27201480286,35.1690713838834,Ridge,onehot,12,0.1
0.4336464442924286,0.31289349404993283,0.23362004376379542,0.7629847359693831,50526.01051350716,24843.679160126518,13180.408065307496,32.66771232775877,HistGradientBoosting,onehot,12,1.3
0.43228363591204005,0.31187100169389703,0.2299321589055392,0.7644721174103638,50400.46001098921,24696.01867580908,12887.230468749987,32.50128005694176,XGBoost,onehot,12,0.5
0.431200834390681,0.31161668393624764,0.23287189793426055,0.7656505591729854,50246.100984519755,24752.56575198021,13009.89131754337,32.434083795538996,LightGBM,onehot,12,0.5
0.43077639110909854,0.3115357707495491,0.2303242185471106,0.7661116857903525,50528.4414143198,24713.58633443149,13197.477869275406,32.536154366069304,CatBoost,onehot,12,2.3
0.9117388793895371,0.7064222905816357,0.5725714400965973,-0.00010164620970765093,77125.67909343755,49727.89843773673,33959.50000000002,112.55084282124407,Baseline_media,onehot,13,0.1
0.9164923133241801,0.6996032747365469,0.5516849160565425,-0.010557073090087243,75204.0243131418,49302.86485319516,34866.49999999998,124.01542188209017,Baseline_mediana,onehot,13,0.1
0.44194585976210926,0.3266676928006489,0.2439425897017813,0.7650143553960531,47943.56926261042,25537.44026239603,13702.931958193261,34.68626724178254,Ridge,onehot,13,0.1
0.4200090718204487,0.3078678938677368,0.23106187825826563,0.7877632756461732,46776.68189485803,24464.85219371117,13514.175396935223,32.662432669027766,HistGradientBoosting,onehot,13,1.4
0.41879557059599604,0.30621267582482925,0.23148395034355218,0.7889879037921412,46651.56019779937,24269.84499985031,13066.33398437497,32.39731704210023,XGBoost,onehot,13,0.5
0.420721845842566,0.3075327615204483,0.23346596402384012,0.7870423141453092,46528.06206151134,24411.139687209234,13377.051759402195,32.65853613193504,LightGBM,onehot,13,0.6
0.41797141196220133,0.30740883201178126,0.23380238577489543,0.7898175989209716,46898.36648467667,24333.278303978732,13147.436047642736,32.5837733836823,CatBoost,onehot,13,2.3
0.9045942278975458,0.6974450983930806,0.5597403132399217,-9.78972528109523e-06,78378.21883863138,49345.788630174,32846.91935614654,110.12157818321519,Baseline_media,onehot,14,0.1
0.9114040457321931,0.6939263646223973,0.5527223356337956,-0.015122680826354484,76463.85267631739,49129.60686528497,34770.0,122.34662933900246,Baseline_mediana,onehot,14,0.1
0.44835490428798674,0.3329312450197787,0.2505212547352338,0.7543365897493568,50898.95179387278,26491.577337516654,13658.97173543171,35.47529906761793,Ridge,onehot,14,0.2
0.4239094984674268,0.31003241619965877,0.23576610089481154,0.7803946466310003,49532.21999094403,24996.99402669343,13047.3207656893,32.7637401647285,HistGradientBoosting,onehot,14,1.2
0.4247416069079293,0.3103217741874317,0.2331872665168433,0.7795316566859405,49650.68164784846,25083.664636747002,13188.855468750015,32.870749348288335,XGBoost,onehot,14,0.5
0.4239210096083199,0.30921374626186,0.2322286789795509,0.7803827198282514,49345.58247829096,24949.03456333333,13315.059618415438,32.7415148417721,LightGBM,onehot,14,0.5
0.4247612858804205,0.3109479859863128,0.23713324148233195,0.7795112268956882,49894.6343099609,25074.809686875113,13311.543142268787,32.84134600930496,CatBoost,onehot,14,2.4
0.8994291675107697,0.6957247287688251,0.5648445500690045,-0.00014584617315183124,74988.84997081113,48086.08852418683,33369.82835976269,110.91133091131277,Baseline_media,onehot,15,0.1
0.906752373518297,0.6904761214451847,0.5454757949682669,-0.01649864342107188,73171.31216147926,47759.19170984456,35000.000000000015,122.5833777043926,Baseline_mediana,onehot,15,0.1
0.445246186551926,0.32772701484483086,0.2446243863405151,0.7549076148368344,46914.81448207881,24703.548951748522,13699.41546202768,35.86812537415575,Ridge,onehot,15,0.2
0.4251858222592127,0.311221786727698,0.23179256082169442,0.7764951505916888,46086.32970504478,23717.51476771201,13247.112929404255,34.00268541310828,HistGradientBoosting,onehot,15,1.2
0.42384411017625506,0.3086618821254335,0.22942720798558458,0.7779035042740456,46006.65326789953,23576.1014462275,13186.935546874998,33.74921483182097,XGBoost,onehot,15,0.4
0.42404036183653193,0.30952249719682123,0.23253971210884483,0.7776977828970799,45846.44223645558,23710.881460450204,13211.632948791412,33.96529781477644,LightGBM,onehot,15,0.5
0.4233577600188489,0.3093457907749959,0.2306787331853073,0.7784129118128,46191.636126463294,23601.692250396038,13170.128194647346,33.91971080919582,CatBoost,onehot,15,2.2
0.9079856929326284,0.7018431178257631,0.5714258570280144,-6.217137789921168e-06,77994.81255240607,49488.48061511101,33946.99999999998,112.01526352165838,Baseline_media,onehot,16,0.1
0.9139609991280473,0.6952200522451034,0.5568323933428498,-0.013211281430821398,76070.4954116041,49075.38449913644,35006.99999999998,123.90757257743603,Baseline_mediana,onehot,16,0.1
0.44744737230762016,0.33017543094030205,0.24742014057229422,0.7571553091886076,49117.767580395484,26107.07044804084,13431.68452841284,34.982602513785494,Ridge,onehot,16,0.1
0.4260293020926822,0.3105085940477378,0.22966287629775017,0.7798474954213829,47933.335943082275,24736.894211496026,13265.998571631199,32.736039418175146,HistGradientBoosting,onehot,16,1.0
0.4261302702356942,0.3093348805047507,0.22864086517284843,0.779743131597107,47680.71832534099,24599.824067321668,13130.445800781274,32.67922238493387,XGBoost,onehot,16,0.4
0.4248369034813251,0.30901999349860965,0.23357629636133748,0.7810781252162926,47334.023326420705,24541.957332490852,13082.655157903868,32.491762078565365,LightGBM,onehot,16,0.5
0.4253682786318435,0.3096389304522715,0.22952750255719234,0.7805301389453952,48281.2248467013,24713.831100407846,13433.487980839669,32.6320819198543,CatBoost,onehot,16,2.2
0.8912126830039369,0.6883886788232432,0.5545369199269503,-2.1600682164724105e-05,78048.26868955858,48518.766136781705,33125.49999999996,106.56622943217245,Baseline_media,onehot,17,0.1
0.8971194827391099,0.6820164765163771,0.5399415011490927,-0.013321461586049743,76173.63791042706,48121.50280656304,34311.99999999991,117.9165789354619,Baseline_mediana,onehot,17,0.1
0.4481163902548175,0.3286017682229274,0.24294704285437518,0.7471701645640827,51808.16710970095,25955.350473062605,13510.274395008884,35.02818559280076,Ridge,onehot,17,0.1
0.42773052933118016,0.30772683409063323,0.22683922630043618,0.7696505590558803,50211.760065759765,24392.48175369156,13219.408246867577,32.7938323628948,HistGradientBoosting,onehot,17,1.1
0.4265212917012276,0.3055464699593529,0.2222104411204464,0.7709511604968844,50043.5629256793,24224.306243158582,12868.046875000024,32.503925785370186,XGBoost,onehot,17,0.4
0.4262292090913115,0.30544277053966074,0.2193081579939875,0.7712647592649249,49968.34760132452,24364.353602853455,13155.478149315353,32.505197321027374,LightGBM,onehot,17,0.4
0.4256339783392746,0.30604117023438787,0.22583653264651637,0.7719031724908657,50222.71325957521,24274.78939911528,13008.012346088857,32.45736729989114,CatBoost,onehot,17,2.2
0.8910617853260303,0.6885510963741175,0.554494034543259,-8.675708967653684e-05,77292.67158375269,48800.39069681577,32184.876610466228,106.84485795274787,Baseline_media,onehot,18,0.1
0.8966385463281976,0.6829749689610395,0.5482347760272575,-0.012644130035672996,75350.98728703876,48453.65911053541,33983.99999999997,118.48743193669584,Baseline_mediana,onehot,18,0.1
0.45548601524349863,0.3321832607743441,0.24692494109937524,0.7386803101658974,51223.25868780461,26182.523128451863,13636.607540269142,34.79586528906824,Ridge,onehot,18,0.1
0.43687016912599813,0.3153629132387907,0.2318371882139525,0.7596042304790589,49958.693371169604,24959.7370019082,13318.845502383301,32.65542803726028,HistGradientBoosting,onehot,18,1.1
0.4356627568327545,0.314331943900792,0.23102163693796385,0.7609311954453803,50072.99079937921,24999.314187374344,13093.730468749945,32.561368090715796,XGBoost,onehot,18,0.5
0.4363334435400022,0.31524311032675145,0.23442905538744885,0.7601945536931347,49590.6129563282,24951.657375672636,13216.256357128419,32.68065558664562,LightGBM,onehot,18,0.5
0.4348633934254728,0.31459265825476657,0.2310189097341686,0.7618076877843429,50026.86709811686,24860.14238471792,13199.05395189787,32.69924029570437,CatBoost,onehot,18,2.1
0.9166933933934868,0.7078255684488102,0.5702042688149387,-1.758397356099728e-05,78601.28017698269,49800.79232629364,33582.49999999997,114.37188156715452,Baseline_media,onehot,19,0.1
0.9231725787505065,0.7023002480838699,0.5586303836954878,-0.01420378224846286,76711.03406721824,49455.741796200346,35000.000000000015,126.49272350383546,Baseline_mediana,onehot,19,0.1
0.4507252961108415,0.33540230778826796,0.2576445976809447,0.7582406389537641,51515.82475456677,26955.675130257012,13768.924997499806,35.54627467522543,Ridge,onehot,19,0.1
0.43115803787407536,0.3153524453481463,0.23781824611576585,0.7787759150186695,50144.030522791596,25473.48514401726,13299.009162346612,33.07039725593338,HistGradientBoosting,onehot,19,1.2
0.4286086596337988,0.31324787200921106,0.23928006115175382,0.7813843158346925,50007.43235921468,25349.399274546042,13139.562500000005,32.87577999546142,XGBoost,onehot,19,0.5
0.43028747282075974,0.31348984009923797,0.2386895770632531,0.779668374433312,49864.52282662106,25347.98189121437,13135.169365012198,33.09488645569785,LightGBM,onehot,19,0.5
0.4287654669848183,0.31324704152671656,0.23761927446362563,0.7812243245869261,50156.7800864524,25278.908216970965,13345.486969589396,32.90478981738528,CatBoost,onehot,19,2.2
