modelo,r2_medio,r2_desv,parametros
Ridge,0.7495,0.0014,"{""alpha"": 0.1767}"
Ridge,0.7431,0.0014,"{""alpha"": 506.15769}"
Ridge,0.7497,0.0014,"{""alpha"": 24.65833}"
Ridge,0.7495,0.0014,"{""alpha"": 3.90797}"
Ridge,0.7495,0.0014,"{""alpha"": 0.00863}"
Ridge,0.7495,0.0014,"{""alpha"": 0.00863}"
Ridge,0.7495,0.0014,"{""alpha"": 0.00223}"
Ridge,0.7484,0.0014,"{""alpha"": 157.4189}"
Ridge,0.7495,0.0014,"{""alpha"": 4.04287}"
Ridge,0.7497,0.0014,"{""alpha"": 17.71885}"
Ridge,0.7495,0.0014,"{""alpha"": 0.00133}"
Ridge,0.7405,0.0014,"{""alpha"": 659.87111}"
Ridge,0.7491,0.0014,"{""alpha"": 98.777}"
Ridge,0.7495,0.0014,"{""alpha"": 0.01879}"
Ridge,0.7495,0.0014,"{""alpha"": 0.01233}"
Ridge,0.7495,0.0014,"{""alpha"": 0.0126}"
Ridge,0.7495,0.0014,"{""alpha"": 0.0669}"
Ridge,0.7495,0.0014,"{""alpha"": 1.40779}"
Ridge,0.7495,0.0014,"{""alpha"": 0.39054}"
Ridge,0.7495,0.0014,"{""alpha"": 0.0559}"
Ridge,0.7496,0.0014,"{""alpha"": 4.6894}"
Ridge,0.7495,0.0014,"{""alpha"": 0.00687}"
Ridge,0.7495,0.0014,"{""alpha"": 0.05661}"
Ridge,0.7495,0.0014,"{""alpha"": 0.15782}"
Ridge,0.7495,0.0014,"{""alpha"": 0.54503}"
Ridge,0.7496,0.0014,"{""alpha"": 51.41097}"
Ridge,0.7495,0.0014,"{""alpha"": 0.01578}"
Ridge,0.7495,0.0014,"{""alpha"": 1.21733}"
Ridge,0.7495,0.0014,"{""alpha"": 3.58499}"
Ridge,0.7495,0.0014,"{""alpha"": 0.0019}"
Ridge,0.7496,0.0014,"{""alpha"": 4.41844}"
Ridge,0.7495,0.0014,"{""alpha"": 0.01055}"
Ridge,0.7495,0.0014,"{""alpha"": 0.00246}"
Ridge,0.7433,0.0014,"{""alpha"": 493.52962}"
Ridge,0.7412,0.0014,"{""alpha"": 622.0026}"
Ridge,0.7494,0.0014,"{""alpha"": 70.85722}"
Ridge,0.7495,0.0014,"{""alpha"": 0.06725}"
Ridge,0.7495,0.0014,"{""alpha"": 0.00386}"
Ridge,0.7496,0.0014,"{""alpha"": 12.74671}"
Ridge,0.7495,0.0014,"{""alpha"": 0.43744}"
XGBoost,0.7495,0.0024,"{""colsample_bytree"": 0.68727, ""learning_rate"": 0.2537, ""max_depth"": 10, ""min_child_weight"": 7, ""n_estimators"": 321, ""reg_alpha"": 0.00378, ""reg_lambda"": 0.13604, ""subsample"": 0.94647}"
XGBoost,0.7708,0.0025,"{""colsample_bytree"": 0.80056, ""learning_rate"": 0.11115, ""max_depth"": 8, ""min_child_weight"": 2, ""n_estimators"": 543, ""reg_alpha"": 1.2, ""reg_lambda"": 0.30803, ""subsample"": 0.67273}"
XGBoost,0.7857,0.0021,"{""colsample_bytree"": 0.5917, ""learning_rate"": 0.02815, ""max_depth"": 8, ""min_child_weight"": 12, ""n_estimators"": 1056, ""reg_alpha"": 0.01195, ""reg_lambda"": 2.55795, ""subsample"": 0.6558}"
XGBoost,0.7858,0.001,"{""colsample_bytree"": 0.64607, ""learning_rate"": 0.03477, ""max_depth"": 5, ""min_child_weight"": 12, ""n_estimators"": 766, ""reg_alpha"": 4.33453, ""reg_lambda"": 1.18587, ""subsample"": 0.94398}"
XGBoost,0.7859,0.0009,"{""colsample_bytree"": 0.84015, ""learning_rate"": 0.04629, ""max_depth"": 4, ""min_child_weight"": 4, ""n_estimators"": 800, ""reg_alpha"": 3.73116, ""reg_lambda"": 7.2468, ""subsample"": 0.72185}"
XGBoost,0.7705,0.0029,"{""colsample_bytree"": 0.54884, ""learning_rate"": 0.10249, ""max_depth"": 9, ""min_child_weight"": 12, ""n_estimators"": 708, ""reg_alpha"": 1.20771, ""reg_lambda"": 0.25056, ""subsample"": 0.75642}"
XGBoost,0.7694,0.0015,"{""colsample_bytree"": 0.59112, ""learning_rate"": 0.13055, ""max_depth"": 8, ""min_child_weight"": 10, ""n_estimators"": 971, ""reg_alpha"": 0.00483, ""reg_lambda"": 17.02328, ""subsample"": 0.91005}"
XGBoost,0.7577,0.0029,"{""colsample_bytree"": 0.96975, ""learning_rate"": 0.20978, ""max_depth"": 10, ""min_child_weight"": 14, ""n_estimators"": 926, ""reg_alpha"": 0.08444, ""reg_lambda"": 16.28117, ""subsample"": 0.93781}"
XGBoost,0.7795,0.0018,"{""colsample_bytree"": 0.87366, ""learning_rate"": 0.06269, ""max_depth"": 10, ""min_child_weight"": 13, ""n_estimators"": 240, ""reg_alpha"": 0.01247, ""reg_lambda"": 0.24004, ""subsample"": 0.60625}"
XGBoost,0.7818,0.0027,"{""colsample_bytree"": 0.7117, ""learning_rate"": 0.03831, ""max_depth"": 10, ""min_child_weight"": 11, ""n_estimators"": 698, ""reg_alpha"": 0.41176, ""reg_lambda"": 4.75847, ""subsample"": 0.90851}"
XGBoost,0.7826,0.0021,"{""colsample_bytree"": 0.53702, ""learning_rate"": 0.03385, ""max_depth"": 11, ""min_child_weight"": 7, ""n_estimators"": 400, ""reg_alpha"": 0.2021, ""reg_lambda"": 0.57731, ""subsample"": 0.62542}"
XGBoost,0.7866,0.0016,"{""colsample_bytree"": 0.65549, ""learning_rate"": 0.03022, ""max_depth"": 5, ""min_child_weight"": 12, ""n_estimators"": 1071, ""reg_alpha"": 0.01038, ""reg_lambda"": 1.95631, ""subsample"": 0.75317}"
XGBoost,0.748,0.0031,"{""colsample_bytree"": 0.98586, ""learning_rate"": 0.17945, ""max_depth"": 7, ""min_child_weight"": 14, ""n_estimators"": 1070, ""reg_alpha"": 0.00141, ""reg_lambda"": 4.31774, ""subsample"": 0.64436}"
XGBoost,0.7867,0.0014,"{""colsample_bytree"": 0.71967, ""learning_rate"": 0.01986, ""max_depth"": 9, ""min_child_weight"": 17, ""n_estimators"": 763, ""reg_alpha"": 0.12121, ""reg_lambda"": 3.98477, ""subsample"": 0.65573}"
XGBoost,0.7843,0.0019,"{""colsample_bytree"": 0.80221, ""learning_rate"": 0.06272, ""max_depth"": 6, ""min_child_weight"": 13, ""n_estimators"": 359, ""reg_alpha"": 0.16413, ""reg_lambda"": 3.96936, ""subsample"": 0.95219}"
XGBoost,0.7847,0.0016,"{""colsample_bytree"": 0.81218, ""learning_rate"": 0.02733, ""max_depth"": 7, ""min_child_weight"": 6, ""n_estimators"": 995, ""reg_alpha"": 0.9392, ""reg_lambda"": 0.26872, ""subsample"": 0.95702}"
XGBoost,0.7555,0.0031,"{""colsample_bytree"": 0.76967, ""learning_rate"": 0.15584, ""max_depth"": 11, ""min_child_weight"": 7, ""n_estimators"": 389, ""reg_alpha"": 0.00255, ""reg_lambda"": 0.33457, ""subsample"": 0.77084}"
XGBoost,0.7573,0.0027,"{""colsample_bytree"": 0.90901, ""learning_rate"": 0.18681, ""max_depth"": 9, ""min_child_weight"": 6, ""n_estimators"": 655, ""reg_alpha"": 0.09453, ""reg_lambda"": 1.30499, ""subsample"": 0.87697}"
XGBoost,0.7855,0.0016,"{""colsample_bytree"": 0.63471, ""learning_rate"": 0.02294, ""max_depth"": 8, ""min_child_weight"": 9, ""n_estimators"": 891, ""reg_alpha"": 0.02213, ""reg_lambda"": 17.22264, ""subsample"": 0.98498}"
XGBoost,0.7834,0.0007,"{""colsample_bytree"": 0.62589, ""learning_rate"": 0.05426, ""max_depth"": 3, ""min_child_weight"": 5, ""n_estimators"": 824, ""reg_alpha"": 4.9047, ""reg_lambda"": 0.41103, ""subsample"": 0.99065}"
XGBoost,0.7631,0.0003,"{""colsample_bytree"": 0.70552, ""learning_rate"": 0.01119, ""max_depth"": 3, ""min_child_weight"": 1, ""n_estimators"": 602, ""reg_alpha"": 0.32954, ""reg_lambda"": 1.66608, ""subsample"": 0.77911}"
XGBoost,0.7801,0.0028,"{""colsample_bytree"": 0.77645, ""learning_rate"": 0.07507, ""max_depth"": 9, ""min_child_weight"": 11, ""n_estimators"": 383, ""reg_alpha"": 0.00757, ""reg_lambda"": 4.73857, ""subsample"": 0.74711}"
XGBoost,0.7807,0.0009,"{""colsample_bytree"": 0.81615, ""learning_rate"": 0.08626, ""max_depth"": 3, ""min_child_weight"": 9, ""n_estimators"": 323, ""reg_alpha"": 0.07582, ""reg_lambda"": 3.99104, ""subsample"": 0.94334}"
XGBoost,0.7779,0.001,"{""colsample_bytree"": 0.66298, ""learning_rate"": 0.02115, ""max_depth"": 5, ""min_child_weight"": 19, ""n_estimators"": 347, ""reg_alpha"": 0.24349, ""reg_lambda"": 0.2519, ""subsample"": 0.87638}"
XGBoost,0.7739,0.0023,"{""colsample_bytree"": 0.69337, ""learning_rate"": 0.24192, ""max_depth"": 3, ""min_child_weight"": 11, ""n_estimators"": 1187, ""reg_alpha"": 0.52425, ""reg_lambda"": 0.30275, ""subsample"": 0.81658}"
XGBoost,0.7747,0.0011,"{""colsample_bytree"": 0.84789, ""learning_rate"": 0.02176, ""max_depth"": 11, ""min_child_weight"": 17, ""n_estimators"": 201, ""reg_alpha"": 4.84298, ""reg_lambda"": 16.65171, ""subsample"": 0.82332}"
XGBoost,0.7803,0.0019,"{""colsample_bytree"": 0.94132, ""learning_rate"": 0.019, ""max_depth"": 11, ""min_child_weight"": 3, ""n_estimators"": 858, ""reg_alpha"": 0.48449, ""reg_lambda"": 11.59518, ""subsample"": 0.95483}"
XGBoost,0.7843,0.0004,"{""colsample_bytree"": 0.88994, ""learning_rate"": 0.08879, ""max_depth"": 3, ""min_child_weight"": 8, ""n_estimators"": 619, ""reg_alpha"": 2.10729, ""reg_lambda"": 2.48549, ""subsample"": 0.60368}"
XGBoost,0.7842,0.0018,"{""colsample_bytree"": 0.55074, ""learning_rate"": 0.09552, ""max_depth"": 4, ""min_child_weight"": 14, ""n_estimators"": 537, ""reg_alpha"": 0.06256, ""reg_lambda"": 1.07606, ""subsample"": 0.99778}"
XGBoost,0.786,0.0016,"{""colsample_bytree"": 0.58796, ""learning_rate"": 0.01063, ""max_depth"": 7, ""min_child_weight"": 16, ""n_estimators"": 1115, ""reg_alpha"": 0.02268, ""reg_lambda"": 5.15654, ""subsample"": 0.88838}"
XGBoost,0.7858,0.0015,"{""colsample_bytree"": 0.65403, ""learning_rate"": 0.0633, ""max_depth"": 5, ""min_child_weight"": 14, ""n_estimators"": 869, ""reg_alpha"": 3.97317, ""reg_lambda"": 0.80266, ""subsample"": 0.95682}"
XGBoost,0.7827,0.0022,"{""colsample_bytree"": 0.81557, ""learning_rate"": 0.14929, ""max_depth"": 3, ""min_child_weight"": 15, ""n_estimators"": 1159, ""reg_alpha"": 1.57228, ""reg_lambda"": 0.33858, ""subsample"": 0.79968}"
XGBoost,0.7821,0.0004,"{""colsample_bytree"": 0.786, ""learning_rate"": 0.13654, ""max_depth"": 3, ""min_child_weight"": 12, ""n_estimators"": 419, ""reg_alpha"": 0.05474, ""reg_lambda"": 0.43982, ""subsample"": 0.9534}"
XGBoost,0.7809,0.0004,"{""colsample_bytree"": 0.87386, ""learning_rate"": 0.25574, ""max_depth"": 3, ""min_child_weight"": 14, ""n_estimators"": 380, ""reg_alpha"": 0.13089, ""reg_lambda"": 18.02073, ""subsample"": 0.63014}"
XGBoost,0.76,0.0005,"{""colsample_bytree"": 0.65285, ""learning_rate"": 0.01914, ""max_depth"": 3, ""min_child_weight"": 3, ""n_estimators"": 327, ""reg_alpha"": 0.02391, ""reg_lambda"": 0.80946, ""subsample"": 0.93769}"
XGBoost,0.7815,0.0008,"{""colsample_bytree"": 0.96501, ""learning_rate"": 0.01271, ""max_depth"": 4, ""min_child_weight"": 15, ""n_estimators"": 1053, ""reg_alpha"": 0.02121, ""reg_lambda"": 0.38445, ""subsample"": 0.71812}"
XGBoost,0.754,0.0005,"{""colsample_bytree"": 0.66128, ""learning_rate"": 0.1793, ""max_depth"": 11, ""min_child_weight"": 11, ""n_estimators"": 445, ""reg_alpha"": 0.02137, ""reg_lambda"": 0.47377, ""subsample"": 0.92374}"
XGBoost,0.7502,0.0027,"{""colsample_bytree"": 0.90506, ""learning_rate"": 0.19088, ""max_depth"": 9, ""min_child_weight"": 4, ""n_estimators"": 884, ""reg_alpha"": 0.00523, ""reg_lambda"": 0.14563, ""subsample"": 0.75871}"
XGBoost,0.77,0.0018,"{""colsample_bytree"": 0.52538, ""learning_rate"": 0.20401, ""max_depth"": 4, ""min_child_weight"": 2, ""n_estimators"": 999, ""reg_alpha"": 0.13773, ""reg_lambda"": 0.12098, ""subsample"": 0.78624}"
XGBoost,0.7851,0.0019,"{""colsample_bytree"": 0.77132, ""learning_rate"": 0.0265, ""max_depth"": 8, ""min_child_weight"": 17, ""n_estimators"": 891, ""reg_alpha"": 0.00139, ""reg_lambda"": 0.49868, ""subsample"": 0.81483}"
LightGBM,0.7523,0.0021,"{""colsample_bytree"": 0.68727, ""learning_rate"": 0.2537, ""min_child_samples"": 76, ""n_estimators"": 900, ""num_leaves"": 36, ""reg_lambda"": 0.22856, ""subsample"": 0.6624}"
LightGBM,0.7609,0.0014,"{""colsample_bytree"": 0.52904, ""learning_rate"": 0.1903, ""min_child_samples"": 28, ""n_estimators"": 330, ""num_leaves"": 165, ""reg_lambda"": 0.13484, ""subsample"": 0.8888}"
LightGBM,0.7804,0.0009,"{""colsample_bytree"": 0.96928, ""learning_rate"": 0.01003, ""min_child_samples"": 64, ""n_estimators"": 476, ""num_leaves"": 176, ""reg_lambda"": 0.50127, ""subsample"": 0.8099}"
LightGBM,0.7815,0.0025,"{""colsample_bytree"": 0.71597, ""learning_rate"": 0.02693, ""min_child_samples"": 63, ""n_estimators"": 710, ""num_leaves"": 185, ""reg_lambda"": 0.12805, ""subsample"": 0.9895}"
LightGBM,0.7861,0.0018,"{""colsample_bytree"": 0.61639, ""learning_rate"": 0.01361, ""min_child_samples"": 66, ""n_estimators"": 762, ""num_leaves"": 123, ""reg_lambda"": 1.525, ""subsample"": 0.83697}"
LightGBM,0.7722,0.0013,"{""colsample_bytree"": 0.52323, ""learning_rate"": 0.07896, ""min_child_samples"": 25, ""n_estimators"": 1040, ""num_leaves"": 182, ""reg_lambda"": 0.10728, ""subsample"": 0.97688}"
LightGBM,0.7799,0.0018,"{""colsample_bytree"": 0.78164, ""learning_rate"": 0.03709, ""min_child_samples"": 94, ""n_estimators"": 764, ""num_leaves"": 145, ""reg_lambda"": 3.75354, ""subsample"": 0.77606}"
LightGBM,0.7824,0.0018,"{""colsample_bytree"": 0.56102, ""learning_rate"": 0.05388, ""min_child_samples"": 51, ""n_estimators"": 234, ""num_leaves"": 221, ""reg_lambda"": 0.79404, ""subsample"": 0.67289}"
LightGBM,0.783,0.001,"{""colsample_bytree"": 0.87768, ""learning_rate"": 0.04246, ""min_child_samples"": 58, ""n_estimators"": 305, ""num_leaves"": 19, ""reg_lambda"": 0.26629, ""subsample"": 0.98783}"
LightGBM,0.7535,0.0039,"{""colsample_bytree"": 0.88757, ""learning_rate"": 0.2442, ""min_child_samples"": 66, ""n_estimators"": 1195, ""num_leaves"": 29, ""reg_lambda"": 4.71492, ""subsample"": 0.73062}"
LightGBM,0.7753,0.0023,"{""colsample_bytree"": 0.78522, ""learning_rate"": 0.05879, ""min_child_samples"": 66, ""n_estimators"": 495, ""num_leaves"": 228, ""reg_lambda"": 0.78408, ""subsample"": 0.70854}"
LightGBM,0.7782,0.002,"{""colsample_bytree"": 0.91437, ""learning_rate"": 0.03365, ""min_child_samples"": 64, ""n_estimators"": 579, ""num_leaves"": 252, ""reg_lambda"": 0.21099, ""subsample"": 0.92088}"
LightGBM,0.7455,0.0024,"{""colsample_bytree"": 0.53728, ""learning_rate"": 0.28691, ""min_child_samples"": 92, ""n_estimators"": 328, ""num_leaves"": 251, ""reg_lambda"": 0.47351, ""subsample"": 0.60563}"
LightGBM,0.7701,0.0034,"{""colsample_bytree"": 0.59942, ""learning_rate"": 0.11239, ""min_child_samples"": 39, ""n_estimators"": 488, ""num_leaves"": 138, ""reg_lambda"": 0.14804, ""subsample"": 0.74339}"
LightGBM,0.7517,0.0024,"{""colsample_bytree"": 0.55793, ""learning_rate"": 0.18833, ""min_child_samples"": 76, ""n_estimators"": 979, ""num_leaves"": 177, ""reg_lambda"": 0.16578, ""subsample"": 0.74833}"
LightGBM,0.7651,0.003,"{""colsample_bytree"": 0.83442, ""learning_rate"": 0.0963, ""min_child_samples"": 48, ""n_estimators"": 1071, ""num_leaves"": 229, ""reg_lambda"": 11.0028, ""subsample"": 0.78889}"
LightGBM,0.774,0.0018,"{""colsample_bytree"": 0.5598, ""learning_rate"": 0.11312, ""min_child_samples"": 5, ""n_estimators"": 204, ""num_leaves"": 233, ""reg_lambda"": 0.34915, ""subsample"": 0.70243}"
LightGBM,0.7652,0.0023,"{""colsample_bytree"": 0.52022, ""learning_rate"": 0.11213, ""min_child_samples"": 94, ""n_estimators"": 753, ""num_leaves"": 139, ""reg_lambda"": 0.17712, ""subsample"": 0.61257}"
LightGBM,0.7796,0.0028,"{""colsample_bytree"": 0.81821, ""learning_rate"": 0.02913, ""min_child_samples"": 8, ""n_estimators"": 933, ""num_leaves"": 244, ""reg_lambda"": 0.37465, ""subsample"": 0.76415}"
LightGBM,0.7799,0.0024,"{""colsample_bytree"": 0.87778, ""learning_rate"": 0.02178, ""min_child_samples"": 36, ""n_estimators"": 1038, ""num_leaves"": 202, ""reg_lambda"": 3.96936, ""subsample"": 0.95219}"
LightGBM,0.7844,0.002,"{""colsample_bytree"": 0.81218, ""learning_rate"": 0.02733, ""min_child_samples"": 10, ""n_estimators"": 995, ""num_leaves"": 43, ""reg_lambda"": 0.31815, ""subsample"": 0.7666}"
LightGBM,0.7818,0.0008,"{""colsample_bytree"": 0.94164, ""learning_rate"": 0.03014, ""min_child_samples"": 96, ""n_estimators"": 672, ""num_leaves"": 246, ""reg_lambda"": 12.20786, ""subsample"": 0.70885}"
LightGBM,0.7817,0.0008,"{""colsample_bytree"": 0.82385, ""learning_rate"": 0.01002, ""min_child_samples"": 81, ""n_estimators"": 944, ""num_leaves"": 18, ""reg_lambda"": 0.10375, ""subsample"": 0.8043}"
LightGBM,0.7846,0.0017,"{""colsample_bytree"": 0.70871, ""learning_rate"": 0.02129, ""min_child_samples"": 55, ""n_estimators"": 433, ""num_leaves"": 187, ""reg_lambda"": 0.36454, ""subsample"": 0.66732}"
LightGBM,0.784,0.0018,"{""colsample_bytree"": 0.60938, ""learning_rate"": 0.06674, ""min_child_samples"": 56, ""n_estimators"": 312, ""num_leaves"": 77, ""reg_lambda"": 17.22264, ""subsample"": 0.98498}"
LightGBM,0.7822,0.0017,"{""colsample_bytree"": 0.62589, ""learning_rate"": 0.05426, ""min_child_samples"": 60, ""n_estimators"": 280, ""num_leaves"": 202, ""reg_lambda"": 2.52712, ""subsample"": 0.80107}"
LightGBM,0.7851,0.0014,"{""colsample_bytree"": 0.52574, ""learning_rate"": 0.0258, ""min_child_samples"": 5, ""n_estimators"": 602, ""num_leaves"": 141, ""reg_lambda"": 0.21548, ""subsample"": 0.79578}"
LightGBM,0.7806,0.0013,"{""colsample_bytree"": 0.99283, ""learning_rate"": 0.02278, ""min_child_samples"": 72, ""n_estimators"": 638, ""num_leaves"": 218, ""reg_lambda"": 0.7089, ""subsample"": 0.69686}"
LightGBM,0.7712,0.0019,"{""colsample_bytree"": 0.90157, ""learning_rate"": 0.04951, ""min_child_samples"": 74, ""n_estimators"": 1181, ""num_leaves"": 154, ""reg_lambda"": 7.56196, ""subsample"": 0.91934}"
LightGBM,0.7847,0.0014,"{""colsample_bytree"": 0.57536, ""learning_rate"": 0.05632, ""min_child_samples"": 84, ""n_estimators"": 548, ""num_leaves"": 18, ""reg_lambda"": 2.28909, ""subsample"": 0.87103}"
LightGBM,0.7832,0.0021,"{""colsample_bytree"": 0.50829, ""learning_rate"": 0.05707, ""min_child_samples"": 23, ""n_estimators"": 347, ""num_leaves"": 111, ""reg_lambda"": 0.16646, ""subsample"": 0.97621}"
LightGBM,0.778,0.0024,"{""colsample_bytree"": 0.69879, ""learning_rate"": 0.05818, ""min_child_samples"": 5, ""n_estimators"": 978, ""num_leaves"": 235, ""reg_lambda"": 4.91761, ""subsample"": 0.68363}"
LightGBM,0.7716,0.0025,"{""colsample_bytree"": 0.77072, ""learning_rate"": 0.1066, ""min_child_samples"": 11, ""n_estimators"": 963, ""num_leaves"": 159, ""reg_lambda"": 7.59369, ""subsample"": 0.82208}"
LightGBM,0.7846,0.0016,"{""colsample_bytree"": 0.76483, ""learning_rate"": 0.02276, ""min_child_samples"": 52, ""n_estimators"": 453, ""num_leaves"": 155, ""reg_lambda"": 1.92597, ""subsample"": 0.95305}"
LightGBM,0.7819,0.0021,"{""colsample_bytree"": 0.59435, ""learning_rate"": 0.02582, ""min_child_samples"": 23, ""n_estimators"": 1015, ""num_leaves"": 223, ""reg_lambda"": 11.59518, ""subsample"": 0.95483}"
LightGBM,0.7658,0.0016,"{""colsample_bytree"": 0.88994, ""learning_rate"": 0.08879, ""min_child_samples"": 79, ""n_estimators"": 824, ""num_leaves"": 215, ""reg_lambda"": 6.41346, ""subsample"": 0.8676}"
LightGBM,0.7843,0.0006,"{""colsample_bytree"": 0.79034, ""learning_rate"": 0.03547, ""min_child_samples"": 93, ""n_estimators"": 298, ""num_leaves"": 168, ""reg_lambda"": 0.10272, ""subsample"": 0.66432}"
LightGBM,0.7607,0.0027,"{""colsample_bytree"": 0.77437, ""learning_rate"": 0.1052, ""min_child_samples"": 84, ""n_estimators"": 1156, ""num_leaves"": 184, ""reg_lambda"": 0.25399, ""subsample"": 0.60723}"
LightGBM,0.7832,0.0016,"{""colsample_bytree"": 0.74695, ""learning_rate"": 0.01837, ""min_child_samples"": 12, ""n_estimators"": 334, ""num_leaves"": 210, ""reg_lambda"": 3.25977, ""subsample"": 0.82732}"
LightGBM,0.7816,0.0022,"{""colsample_bytree"": 0.54684, ""learning_rate"": 0.03493, ""min_child_samples"": 26, ""n_estimators"": 949, ""num_leaves"": 173, ""reg_lambda"": 17.3351, ""subsample"": 0.75724}"
HistGradientBoosting,0.7729,0.0019,"{""l2_regularization"": 0.00746, ""learning_rate"": 0.2537, ""max_depth"": 13, ""max_iter"": 271, ""max_leaf_nodes"": 75, ""min_samples_leaf"": 25}"
HistGradientBoosting,0.7808,0.0017,"{""l2_regularization"": 0.0006, ""learning_rate"": 0.017, ""max_depth"": 13, ""max_iter"": 658, ""max_leaf_nodes"": 102, ""min_samples_leaf"": 28}"
HistGradientBoosting,0.7818,0.0013,"{""l2_regularization"": 0.17966, ""learning_rate"": 0.01212, ""max_depth"": 10, ""max_iter"": 691, ""max_leaf_nodes"": 44, ""min_samples_leaf"": 42}"
HistGradientBoosting,0.7756,0.001,"{""l2_regularization"": 0.0001, ""learning_rate"": 0.29216, ""max_depth"": 3, ""max_iter"": 659, ""max_leaf_nodes"": 72, ""min_samples_leaf"": 26}"
HistGradientBoosting,0.7605,0.0009,"{""l2_regularization"": 0.00011, ""learning_rate"": 0.01082, ""max_depth"": 13, ""max_iter"": 258, ""max_leaf_nodes"": 56, ""min_samples_leaf"": 96}"
HistGradientBoosting,0.78,0.0016,"{""l2_regularization"": 7.39227, ""learning_rate"": 0.02207, ""max_depth"": 5, ""max_iter"": 766, ""max_leaf_nodes"": 78, ""min_samples_leaf"": 7}"
HistGradientBoosting,0.7803,0.0016,"{""l2_regularization"": 1.99389, ""learning_rate"": 0.10113, ""max_depth"": 11, ""max_iter"": 366, ""max_leaf_nodes"": 32, ""min_samples_leaf"": 8}"
HistGradientBoosting,0.7808,0.0015,"{""l2_regularization"": 5.14054, ""learning_rate"": 0.06793, ""max_depth"": 12, ""max_iter"": 545, ""max_leaf_nodes"": 67, ""min_samples_leaf"": 6}"
HistGradientBoosting,0.7826,0.0009,"{""l2_regularization"": 0.26373, ""learning_rate"": 0.04468, ""max_depth"": 9, ""max_iter"": 627, ""max_leaf_nodes"": 22, ""min_samples_leaf"": 51}"
HistGradientBoosting,0.7799,0.0017,"{""l2_regularization"": 0.00074, ""learning_rate"": 0.03781, ""max_depth"": 4, ""max_iter"": 587, ""max_leaf_nodes"": 16, ""min_samples_leaf"": 10}"
HistGradientBoosting,0.7809,0.0013,"{""l2_regularization"": 0.0011, ""learning_rate"": 0.06895, ""max_depth"": 4, ""max_iter"": 755, ""max_leaf_nodes"": 48, ""min_samples_leaf"": 78}"
HistGradientBoosting,0.7807,0.001,"{""l2_regularization"": 2.97945, ""learning_rate"": 0.07641, ""max_depth"": 10, ""max_iter"": 661, ""max_leaf_nodes"": 101, ""min_samples_leaf"": 66}"
HistGradientBoosting,0.7762,0.0009,"{""l2_regularization"": 0.00423, ""learning_rate"": 0.03751, ""max_depth"": 4, ""max_iter"": 252, ""max_leaf_nodes"": 38, ""min_samples_leaf"": 30}"
HistGradientBoosting,0.782,0.0008,"{""l2_regularization"": 6.70311, ""learning_rate"": 0.07882, ""max_depth"": 11, ""max_iter"": 356, ""max_leaf_nodes"": 29, ""min_samples_leaf"": 49}"
HistGradientBoosting,0.7678,0.002,"{""l2_regularization"": 0.00024, ""learning_rate"": 0.28691, ""max_depth"": 10, ""max_iter"": 328, ""max_leaf_nodes"": 122, ""min_samples_leaf"": 12}"
HistGradientBoosting,0.7781,0.0018,"{""l2_regularization"": 0.00011, ""learning_rate"": 0.16015, ""max_depth"": 3, ""max_iter"": 591, ""max_leaf_nodes"": 49, ""min_samples_leaf"": 39}"
HistGradientBoosting,0.762,0.0008,"{""l2_regularization"": 0.71838, ""learning_rate"": 0.01286, ""max_depth"": 9, ""max_iter"": 240, ""max_leaf_nodes"": 42, ""min_samples_leaf"": 11}"
HistGradientBoosting,0.7727,0.0006,"{""l2_regularization"": 1.77907, ""learning_rate"": 0.04612, ""max_depth"": 3, ""max_iter"": 247, ""max_leaf_nodes"": 37, ""min_samples_leaf"": 66}"
HistGradientBoosting,0.7797,0.0017,"{""l2_regularization"": 0.00423, ""learning_rate"": 0.1196, ""max_depth"": 10, ""max_iter"": 746, ""max_leaf_nodes"": 79, ""min_samples_leaf"": 51}"
HistGradientBoosting,0.7807,0.0014,"{""l2_regularization"": 0.36832, ""learning_rate"": 0.13298, ""max_depth"": 12, ""max_iter"": 702, ""max_leaf_nodes"": 28, ""min_samples_leaf"": 31}"
HistGradientBoosting,0.782,0.001,"{""l2_regularization"": 0.04108, ""learning_rate"": 0.04281, ""max_depth"": 12, ""max_iter"": 660, ""max_leaf_nodes"": 65, ""min_samples_leaf"": 67}"
HistGradientBoosting,0.781,0.0011,"{""l2_regularization"": 3.01174, ""learning_rate"": 0.05037, ""max_depth"": 6, ""max_iter"": 684, ""max_leaf_nodes"": 37, ""min_samples_leaf"": 19}"
HistGradientBoosting,0.781,0.0017,"{""l2_regularization"": 0.59945, ""learning_rate"": 0.02178, ""max_depth"": 9, ""max_iter"": 898, ""max_leaf_nodes"": 100, ""min_samples_leaf"": 32}"
HistGradientBoosting,0.7801,0.0002,"{""l2_regularization"": 4.45131, ""learning_rate"": 0.1562, ""max_depth"": 11, ""max_iter"": 845, ""max_leaf_nodes"": 42, ""min_samples_leaf"": 32}"
HistGradientBoosting,0.7813,0.0014,"{""l2_regularization"": 0.00124, ""learning_rate"": 0.04123, ""max_depth"": 13, ""max_iter"": 839, ""max_leaf_nodes"": 106, ""min_samples_leaf"": 93}"
HistGradientBoosting,0.7808,0.0004,"{""l2_regularization"": 0.00389, ""learning_rate"": 0.01454, ""max_depth"": 11, ""max_iter"": 482, ""max_leaf_nodes"": 76, ""min_samples_leaf"": 81}"
HistGradientBoosting,0.7774,0.0003,"{""l2_regularization"": 2.01212, ""learning_rate"": 0.01024, ""max_depth"": 10, ""max_iter"": 610, ""max_leaf_nodes"": 23, ""min_samples_leaf"": 66}"
HistGradientBoosting,0.7822,0.001,"{""l2_regularization"": 0.00129, ""learning_rate"": 0.01503, ""max_depth"": 14, ""max_iter"": 863, ""max_leaf_nodes"": 93, ""min_samples_leaf"": 63}"
HistGradientBoosting,0.78,0.0008,"{""l2_regularization"": 0.00413, ""learning_rate"": 0.05839, ""max_depth"": 11, ""max_iter"": 891, ""max_leaf_nodes"": 127, ""min_samples_leaf"": 66}"
HistGradientBoosting,0.7782,0.0015,"{""l2_regularization"": 7.22621, ""learning_rate"": 0.26403, ""max_depth"": 9, ""max_iter"": 585, ""max_leaf_nodes"": 17, ""min_samples_leaf"": 60}"
HistGradientBoosting,0.7813,0.0013,"{""l2_regularization"": 0.00015, ""learning_rate"": 0.07951, ""max_depth"": 4, ""max_iter"": 419, ""max_leaf_nodes"": 68, ""min_samples_leaf"": 91}"
HistGradientBoosting,0.7797,0.0015,"{""l2_regularization"": 0.00247, ""learning_rate"": 0.21959, ""max_depth"": 5, ""max_iter"": 837, ""max_leaf_nodes"": 16, ""min_samples_leaf"": 57}"
HistGradientBoosting,0.7742,0.0017,"{""l2_regularization"": 0.02801, ""learning_rate"": 0.28571, ""max_depth"": 9, ""max_iter"": 638, ""max_leaf_nodes"": 89, ""min_samples_leaf"": 60}"
HistGradientBoosting,0.7799,0.0013,"{""l2_regularization"": 0.00154, ""learning_rate"": 0.11903, ""max_depth"": 10, ""max_iter"": 809, ""max_leaf_nodes"": 84, ""min_samples_leaf"": 90}"
HistGradientBoosting,0.7567,0.0009,"{""l2_regularization"": 0.04774, ""learning_rate"": 0.01359, ""max_depth"": 3, ""max_iter"": 400, ""max_leaf_nodes"": 73, ""min_samples_leaf"": 74}"
HistGradientBoosting,0.7785,0.0012,"{""l2_regularization"": 0.30135, ""learning_rate"": 0.18531, ""max_depth"": 14, ""max_iter"": 602, ""max_leaf_nodes"": 104, ""min_samples_leaf"": 71}"
HistGradientBoosting,0.7819,0.0013,"{""l2_regularization"": 1.11559, ""learning_rate"": 0.03274, ""max_depth"": 9, ""max_iter"": 688, ""max_leaf_nodes"": 47, ""min_samples_leaf"": 44}"
HistGradientBoosting,0.7775,0.0011,"{""l2_regularization"": 0.00858, ""learning_rate"": 0.24192, ""max_depth"": 3, ""max_iter"": 672, ""max_leaf_nodes"": 64, ""min_samples_leaf"": 27}"
HistGradientBoosting,0.7795,0.0019,"{""l2_regularization"": 0.05096, ""learning_rate"": 0.1066, ""max_depth"": 9, ""max_iter"": 343, ""max_leaf_nodes"": 104, ""min_samples_leaf"": 64}"
HistGradientBoosting,0.7719,0.0017,"{""l2_regularization"": 0.00201, ""learning_rate"": 0.2962, ""max_depth"": 14, ""max_iter"": 652, ""max_leaf_nodes"": 51, ""min_samples_leaf"": 36}"
